Region,ULT
Europe and Central Asia,55.22
Asia Pacific,44.466666666666676
Americas,42.81875000000001
Middle East and North Africa,33.16666666666667
Sub-Saharan Africa,33.00869565217391
